{"bestTrainScore": 9763.7958984375, "bestDevScore": 38115.515625, "bestLSTMUnits1": 39, "bestLSTMUnits2": 71, "bestLSTMUnits3": 102, "bestEpochs": 67}